{
  "Variation de prix": [
    {
      "cle": "smartphone_140509samsunggalaxys24ultrasmartphone1togris8806095414430_html",
      "name": "SAMSUNG Galaxy S24 Ultra Smartphone 1 To Gris",
      "prix_base": 10390000,
      "prix_comparaison": 8021000,
      "variation": -2369000,
      "indice_prix": 77.19923002887391
    },
    {
      "cle": "smartphone_127682samsunggalaxyzfold51tonoir8806095019062_html",
      "name": "SAMSUNG Galaxy Z Fold5 1To Noir",
      "prix_base": 10976000,
      "prix_comparaison": 9983000,
      "variation": -993000,
      "indice_prix": 90.95298833819243
    },
    {
      "cle": "smartphone_144549samsunggalaxyzfold6smartphonerose1to8806095616179_html",
      "name": "SAMSUNG Galaxy Z Fold6 Smartphone Rose 1 To",
      "prix_base": 11368000,
      "prix_comparaison": 10595000,
      "variation": -773000,
      "indice_prix": 93.20021111893033
    }
  ]
}