{
  "Variation de prix": [
    {
      "cle": "tablettetactile_141569appleipadpro202411wificellulaire2tonoirsideral0195949230721_html",
      "name": "Apple - iPad Pro (2024) - 11 - WiFi + Cellulaire - 2 To - Noir sid\u00e9ral",
      "prix_base": 12273000,
      "prix_comparaison": 12575000,
      "variation": 302000,
      "indice_prix": 102.46068605882832
    },
    {
      "cle": "cartegraphiqueinterne_136142msigeforcecartegraphiquertx4090suprimliquidx24go4711377019224_html",
      "name": "MSI - GeForce - Carte graphique - RTX 4090 - SUPRIM LIQUID X - 24 Go",
      "prix_base": 10639000,
      "prix_comparaison": 10951000,
      "variation": 312000,
      "indice_prix": 102.93260644797444
    },
    {
      "cle": "tablettetactile_141608appleipadpro202413wifi2toargent0195949240546_html",
      "name": "Apple - iPad Pro (2024) - 13 - WiFi - 2 To - Argent",
      "prix_base": 12740000,
      "prix_comparaison": 13054000,
      "variation": 314000,
      "indice_prix": 102.4646781789639
    }
  ]
}