{
  "Variation de prix": [
    {
      "list_id": 8528,
      "name": "Riz blanc import de Inde 50 kg",
      "prix_base": 143000,
      "prix_comparaison": 158400,
      "variation": 15400,
      "indice_prix": 110.76923076923077
    },
    {
      "list_id": 11110,
      "name": "Riz blanc ( Vary makalioka fotsy ) 50 kg",
      "prix_base": 172500,
      "prix_comparaison": 190000,
      "variation": 17500,
      "indice_prix": 110.14492753623189
    }
  ]
}