{
  "Variation de prix": [
    {
      "cle": "hotte_127089tabledecuissoninductionaspirantesiemens4feux81cmex875lx67eiq7004242003867198_html",
      "name": "Table de cuisson induction aspirante SIEMENS - 4 feux - 81 cm - EX875LX67E IQ700",
      "prix_base": 15381000,
      "prix_comparaison": 12146000,
      "variation": -3235000,
      "indice_prix": 78.96755737598336
    },
    {
      "cle": "machineacafeexpressobroyeur_91317siemensct636les6machineacafeiq700reservoir24l1600wprepare2tass4242003703595_html",
      "name": "SIEMENS CT636LES6 Machine a caf\u00e9 iQ700 - R\u00e9servoir 2.4L - 1600W - Pr\u00e9pare 2 tass",
      "prix_base": 13306000,
      "prix_comparaison": 10507000,
      "variation": -2799000,
      "indice_prix": 78.96437697279423
    },
    {
      "cle": "groupeelectrogene_135742groupeelectrogenedieselzeuzsilencieux6300wdemarrageelectrique3283494501803_html",
      "name": "Groupe \u00e9lectrogene diesel ZEUZ - Silencieux - 6300 W - D\u00e9marrage \u00e9lectrique",
      "prix_base": 13208000,
      "prix_comparaison": 10430000,
      "variation": -2778000,
      "indice_prix": 78.96729254996971
    }
  ]
}