{
  "Variation de prix": [
    {
      "cle": "tableplaquedecuissoninduction_85500tabledecuissonaspiranteinductionbosch4foyersl80xp52cmpvq811f15e4242005218851_html",
      "name": "Table de cuisson aspirante induction - BOSCH - 4 foyers - L80 x P52 cm - PVQ811F15E",
      "prix_base": 13003000,
      "prix_comparaison": 13154000,
      "variation": 151000,
      "indice_prix": 101.161270476044
    },
    {
      "cle": "caveavin_137011boschcaveavinposelibreportenoirser6classeenergiegh18600cmxl6000cmxp6100cm4242005193561_html",
      "name": "BOSCH - Cave a vin pose-libre - Porte: noir - SER6 - Classe \u00e9nergie G - H: 186,00 cm x L: 60,00 cm x P: 61,00 cm",
      "prix_base": 12063000,
      "prix_comparaison": 12835000,
      "variation": 772000,
      "indice_prix": 106.39973472602172
    }
  ]
}