{
  "Variation de prix": [
    {
      "cle": "ordinateurportable_133947apple16macbookprom3max2023ram48gostockage1toargentazerty0195949185601_html",
      "name": "Apple - 16 - MacBook Pro M3 Max (2023) - RAM 48Go - Stockage 1To - Argent - Azerty",
      "prix_base": 21663000,
      "prix_comparaison": 22106000,
      "variation": 443000,
      "indice_prix": 102.04496145501547
    },
    {
      "cle": "ordinateurportable_133170apple16macbookprom3pro2023ram18gostockage512gonoirsideralazerty0195949073939_html",
      "name": "Apple - 16 - MacBook Pro M3 Pro (2023) - RAM 18Go - Stockage 512Go - Noir sid\u00e9ral - Azerty",
      "prix_base": 14075000,
      "prix_comparaison": 14753000,
      "variation": 678000,
      "indice_prix": 104.8170515097691
    },
    {
      "cle": "ordinateurportable_133933apple14macbookprom3max2023ram36gostockage1toargentazerty0195949078774_html",
      "name": "Apple - 14 - MacBook Pro M3 Max (2023) - RAM 36Go - Stockage 1To - Argent - Azerty",
      "prix_base": 16997000,
      "prix_comparaison": 18019000,
      "variation": 1022000,
      "indice_prix": 106.01282579278696
    }
  ]
}