{
  "Variation de prix": [
    {
      "cle": "tablettetactile_63233appleipadpro2022129wificellular2togrissideral0194253255475_html",
      "name": "Apple - iPad Pro (2022) - 12.9 - WiFi + Cellular - 2 To - Gris Sid\u00e9ral",
      "prix_base": 13845000,
      "prix_comparaison": 13562000,
      "variation": -283000,
      "indice_prix": 97.95594077284218
    },
    {
      "cle": "tablettetactile_99750appleipadpro2022129wifi2toargent0194253243847_html",
      "name": "Apple - iPad Pro (2022) - 12.9 - WiFi - 2 To - Argent",
      "prix_base": 12961000,
      "prix_comparaison": 12697000,
      "variation": -264000,
      "indice_prix": 97.96312012961963
    },
    {
      "cle": "tablettetactile_63230appleipadpro2022129wificellular1togrissideral0194253254898_html",
      "name": "Apple - iPad Pro (2022) - 12.9 - WiFi + Cellular - 1 To - Gris Sid\u00e9ral",
      "prix_base": 11580000,
      "prix_comparaison": 11343000,
      "variation": -237000,
      "indice_prix": 97.95336787564767
    }
  ]
}