{
  "Variation de prix": [
    {
      "cle": "tablettetactile_63203appleipadpro202211wifi2togrissideral0194253266785_html",
      "name": "Apple - iPad Pro (2022) - 11 - WiFi - 2 To - Gris Sid\u00e9ral",
      "prix_base": 11240000,
      "prix_comparaison": 8096000,
      "variation": -3144000,
      "indice_prix": 72.02846975088968
    },
    {
      "cle": "tablettetactile_145053appleipadpro202413wificellulaire2tonoirsideralnanotexture0195949470288_html",
      "name": "Apple - iPad Pro (2024) - 13 - WiFi + Cellulaire - 2 To - Noir sid\u00e9ral Nano-textur\u00e9",
      "prix_base": 15582000,
      "prix_comparaison": 14824000,
      "variation": -758000,
      "indice_prix": 95.13541265562829
    },
    {
      "cle": "tablettetactile_145054appleipadpro202413wificellulaire2toargentnanotexture0195949470530_html",
      "name": "Apple - iPad Pro (2024) - 13 - WiFi + Cellulaire - 2 To - Argent Nano-textur\u00e9",
      "prix_base": 15583000,
      "prix_comparaison": 14825000,
      "variation": -758000,
      "indice_prix": 95.13572482833857
    }
  ]
}