{
  "Variation de prix": [
    {
      "cle": "tablettetactile_63203appleipadpro202211wifi2togrissideral0194253266785_html",
      "name": "Apple - iPad Pro (2022) - 11 - WiFi - 2 To - Gris Sid\u00e9ral",
      "prix_base": 11010000,
      "prix_comparaison": 10786000,
      "variation": -224000,
      "indice_prix": 97.9654859218892
    },
    {
      "cle": "tablettetactile_63211appleipadpro2022129wifi1toargent0194253243304_html",
      "name": "Apple - iPad Pro (2022) - 12.9 - WiFi - 1 To - Argent",
      "prix_base": 10578000,
      "prix_comparaison": 10362000,
      "variation": -216000,
      "indice_prix": 97.95802609188883
    },
    {
      "cle": "tablettetactile_63210appleipadpro2022129wifi1togrissideral0194253243038_html",
      "name": "Apple - iPad Pro (2022) - 12.9 - WiFi - 1 To - Gris Sid\u00e9ral",
      "prix_base": 10519000,
      "prix_comparaison": 10304000,
      "variation": -215000,
      "indice_prix": 97.95607947523528
    }
  ]
}