{
  "Variation de prix": [
    {
      "cle": "tablettetactile_175274appleipadpro202413wifi2toargentnanotexture0195949468490_html",
      "name": "Apple - iPad Pro (2024) - 13 - WiFi - 2 To - Argent Nano-textur\u00e9",
      "prix_base": 14359000,
      "prix_comparaison": 13660000,
      "variation": -699000,
      "indice_prix": 95.13197297861969
    },
    {
      "cle": "tablettetactile_145050appleipadpro202413wificellulaire1tonoirsideralnanotexture0195949469787_html",
      "name": "Apple - iPad Pro (2024) - 13 - WiFi + Cellulaire - 1 To - Noir sid\u00e9ral Nano-textur\u00e9",
      "prix_base": 13235000,
      "prix_comparaison": 12547000,
      "variation": -688000,
      "indice_prix": 94.80166225916132
    },
    {
      "cle": "tablettetactile_145047appleipadpro202411wificellulaire2tonoirsideralnanotexture0195949469244_html",
      "name": "Apple - iPad Pro (2024) - 11 - WiFi + Cellulaire - 2 To - Noir sid\u00e9ral Nano-textur\u00e9",
      "prix_base": 13844000,
      "prix_comparaison": 13169000,
      "variation": -675000,
      "indice_prix": 95.12424154868535
    }
  ]
}