{
  "Variation de prix": [
    {
      "cle": "tablettetactile_175273appleipadpro202411wifi2tonoirsideralnanotexture0195949467349_html",
      "name": "Apple - iPad Pro (2024) - 11 - WiFi - 2 To - Noir sid\u00e9ral Nano-textur\u00e9",
      "prix_base": 12631000,
      "prix_comparaison": 12017000,
      "variation": -614000,
      "indice_prix": 95.13894386826063
    },
    {
      "cle": "tablettetactile_145049appleipadpro202411wifi2toargentnanotexture0195949467578_html",
      "name": "Apple - iPad Pro (2024) - 11 - WiFi - 2 To - Argent Nano-textur\u00e9",
      "prix_base": 12632000,
      "prix_comparaison": 12018000,
      "variation": -614000,
      "indice_prix": 95.1393286890437
    },
    {
      "cle": "tablettetactile_145052appleipadpro202413wifi1toargentnanotexture0195949468032_html",
      "name": "Apple - iPad Pro (2024) - 13 - WiFi - 1 To - Argent Nano-textur\u00e9",
      "prix_base": 12011000,
      "prix_comparaison": 11428000,
      "variation": -583000,
      "indice_prix": 95.14611606027808
    }
  ]
}