{
  "Variation de prix": [
    {
      "cle": "electricitedomotique_120268onduleurapceasyupssrv6000va230vavecbatterieexterne_html",
      "name": "Onduleur APC Easy UPS SRV 6000VA 230V avec batterie externe",
      "prix_base": 11000000,
      "prix_comparaison": 11000000,
      "variation": 0,
      "indice_prix": 100.0
    },
    {
      "cle": "unitecentraleseuleminipc_92289pcdebureaugamingomenbyhp40lgt211033nfintelcorei713700kram32go1tossdgeforcertx408016gowindows110197192261774_html",
      "name": "PC Gamer Omen by HP 40L GT21-1033nf- Intel Core i7-13700K - RAM 32Go - 1To SSD - GeForce RTX 4080 16Go - Windows 11",
      "prix_base": 16437000,
      "prix_comparaison": 17866000,
      "variation": 1429000,
      "indice_prix": 108.69380057188052
    },
    {
      "cle": "unitecentraleseuleminipc_92288pcdebureaugamingomenbyhp40lgt211007nfintelcorei913900kram32go1tossdgeforcertx409024gowindows110197192261767_html",
      "name": "PC Gamer Omen by HP 40L GT21-1007nf - Intel Core i9-13900K - RAM 32Go - 1To SSD - GeForce RTX 4090 24Go - Windows 11",
      "prix_base": 20251000,
      "prix_comparaison": 22012000,
      "variation": 1761000,
      "indice_prix": 108.69586687077181
    }
  ]
}