{
  "Variation de prix": [
    {
      "cle": "cartegraphiqueinterne_85864msigeforcecartegraphiquertx4090suprimx24go4711377019200_html",
      "name": "MSI - GeForce - Carte graphique - RTX 4090 - SUPRIM X - 24 Go",
      "prix_base": 10113000,
      "prix_comparaison": 10113000,
      "variation": 0,
      "indice_prix": 100.0
    },
    {
      "cle": "tablettetactile_141564appleipadpro202411wificellulaire1tonoirsideral0195949230141_html",
      "name": "Apple - iPad Pro (2024) - 11 - WiFi + Cellulaire - 1 To - Noir sid\u00e9ral",
      "prix_base": 10081000,
      "prix_comparaison": 10238000,
      "variation": 157000,
      "indice_prix": 101.55738518004166
    },
    {
      "cle": "tablettetactile_141605appleipadpro202413wifi2tonoirsideral0195949240270_html",
      "name": "Apple - iPad Pro (2024) - 13 - WiFi - 2 To - Noir sid\u00e9ral",
      "prix_base": 12741000,
      "prix_comparaison": 12939000,
      "variation": 198000,
      "indice_prix": 101.55403814457264
    }
  ]
}