{
  "Variation de prix": [
    {
      "cle": "groupeelectrogene_95225generateurelectriqueportabledeltamax20002016wh4sortieca2400wautotalsurtension4600w4897082664710_html",
      "name": "g\u00e9n\u00e9rateur electrique portable DELTA MAX (2000), 2016Wh , 4 sortie CA - 2400 W au total (surtension 4600 W)",
      "prix_base": 12167000,
      "prix_comparaison": 9608000,
      "variation": -2559000,
      "indice_prix": 78.96769951508178
    },
    {
      "cle": "four_83359fouravapeurintegrableautonettoyantboschhsg656xs1inoxnoiracier4242002789125_html",
      "name": "Four int\u00e9grable/combin\u00e9 vapeur BOSCH - HSG656XS1 - 59x59x55 cm - Inox",
      "prix_base": 12303000,
      "prix_comparaison": 9747000,
      "variation": -2556000,
      "indice_prix": 79.22457937088515
    },
    {
      "cle": "groupeelectrogene_135113groupeelectrogeneessencedefpro8500wtriphasebitension3760040205922_html",
      "name": "Groupe \u00e9lectrogene Essence DEFPRO - 8500 W - Triphas\u00e9 bi-tension",
      "prix_base": 11801000,
      "prix_comparaison": 9319000,
      "variation": -2482000,
      "indice_prix": 78.96788407762054
    }
  ]
}